#t_real [s],	 t_CPU [s] 
 85.94679188728332519531 ,	 85.68999999999999772626 
