#<tS> [s],<tE> [s],<t_step> [s],<Nt>,<Nstore>,<CFL>,<Order>
1.19999999999999995559,2.39999999999999991118,0.00010000000000000000,23999,11,1.00000000000000000000,2
