#t [s],	 res[A],	 res[A_max],	 res[Q],	 res[Q_max] 
 0.00000000000000000000 ,	 0.00000000000000000000 ,	 0.00000000000000000000 ,	0.00000000000000000000 ,	 0.00000000000000000000 
