#t_real [s],	 t_CPU [s] 
 1542.67693686485290527344 ,	 1537.61999999999989086064 
