#<tS> [s],<tE> [s],<t_step> [s],<Nt>,<Nstore>,<CFL>,<Order>
5.69999999999999928946,6.83999999999999985789,0.00010000000000000000,68400,11,1.00000000000000000000,2
