#<tS> [s],<tE> [s],<t_step> [s],<Nt>,<Nstore>,<NstoreProfile>,<CFL>,<Order>
3.75219042817302295134,4.69023803521627868918,0.00001000000000000000,469023,93,9380,1.00000000000000000000,1
