#t [s],	 res[A],	 res[Q] 
 0.00000000000000000000 ,	 0.00000000000000000000 ,	 0.00000000000000000000 
