#t [s],	 x [cm],	 K [g/cm^2/s^2],	 A0 [cm^2],	 A [cm^2],	 Q [cm^3/s],	 P [g/cm/s^2],	 gamma [s^-1],	 H [cm^{-3}],	 f,	 taust [g/cm/s^2],	 tau [g/cm/s^2],	 C [cm^{-3}],	 O [cm^{-3}] 
 0.00000000000000000000 ,	 0.96900000000000008349,	 12036044.44901880063116550446 ,	 0.78539816339744827900 ,	 0.78539816339744827900 ,	 0.00000000000000000000 ,	 0.00000000000000000000 ,	 -0.00000000000000000000,	 0.00000000000000000000 ,	 0.00000000000000000000 ,	 0.00000000000000000000 ,	 0.00000000000000000000 ,	 0.00000000000000000000 ,	 0.00000000000000000000 
0.00000000000000000000 ,	 49.41900000000000403588,	 12036044.44901880063116550446 ,	 0.78539816339744827900 ,	 0.78539816339744827900 ,	 0.00000000000000000000 ,	 0.00000000000000000000 ,	 -0.00000000000000000000,	 0.00000000000000000000 ,	 0.00000000000000000000 ,	 0.00000000000000000000 ,	 0.00000000000000000000 ,	 0.00000000000000000000 ,	 0.00000000000000000000 
0.00000000000000000000 ,	 95.93100000000001159606,	 12036044.44901880063116550446 ,	 0.78539816339744827900 ,	 0.78539816339744827900 ,	 0.00000000000000000000 ,	 0.00000000000000000000 ,	 -0.00000000000000000000,	 0.00000000000000000000 ,	 0.00000000000000000000 ,	 0.00000000000000000000 ,	 0.00000000000000000000 ,	 0.00000000000000000000 ,	 0.00000000000000000000 


