#t [s],	 x [cm],	 K [g/cm^2/s^2],	 A0 [cm^2],	 A [cm^2],	 Q [cm^3/s],	 P [g/cm/s^2],	 gamma [s^-1],	 H [cm^{-3}],	 f,	 taust [g/cm/s^2],	 tau [g/cm/s^2],	 C [cm^{-3}],	 O [cm^{-3}] 
 0.00000000000000000000 ,	 0.69214285714285717077,	 6018022.22450940031558275223 ,	 0.78539816339744827900 ,	 0.78539816339744827900 ,	 0.00000000000000000000 ,	 0.00000000000000000000 ,	 -0.00000000000000000000,	 0.00000000000000000000 ,	 0.00000000000000000000 ,	 0.00000000000000000000 ,	 0.00000000000000000000 ,	 0.00000000000000000000 ,	 0.00000000000000000000 
0.00000000000000000000 ,	 49.14214285714285779250,	 6018022.22450940031558275223 ,	 0.78539816339744827900 ,	 0.78539816339744827900 ,	 0.00000000000000000000 ,	 0.00000000000000000000 ,	 -0.00000000000000000000,	 0.00000000000000000000 ,	 0.00000000000000000000 ,	 0.00000000000000000000 ,	 0.00000000000000000000 ,	 0.00000000000000000000 ,	 0.00000000000000000000 
0.00000000000000000000 ,	 96.20785714285715073402,	 6018022.22450940031558275223 ,	 0.78539816339744827900 ,	 0.78539816339744827900 ,	 0.00000000000000000000 ,	 0.00000000000000000000 ,	 -0.00000000000000000000,	 0.00000000000000000000 ,	 0.00000000000000000000 ,	 0.00000000000000000000 ,	 0.00000000000000000000 ,	 0.00000000000000000000 ,	 0.00000000000000000000 
