#t [s],	 x [cm],	 K [g/cm^2/s^2],	 A0 [cm^2],	 A [cm^2],	 Q [cm^3/s],	 P [g/cm/s^2],	 gamma [s^-1],	 H [cm^{-3}],	 f,	 taust [g/cm/s^2],	 tau [g/cm/s^2],	 C [cm^{-3}],	 O [cm^{-3}] 
 0.00000000000000000000 ,	 0.19500000000000000666,	 208959.10501768757239915431 ,	 4.52389342116930226467 ,	 4.52389342116930226467 ,	 0.00000000000000000000 ,	 0.00000000000000000000 ,	 -0.00000000000000000000,	 0.00000000000000000000 ,	 0.00000000000000000000 ,	 0.00000000000000000000 ,	 0.00000000000000000000 ,	 0.00000000000000000000 ,	 0.00000000000000000000 
0.00000000000000000000 ,	 2.14500000000000001776,	 208959.10501768757239915431 ,	 4.52389342116930226467 ,	 4.52389342116930226467 ,	 0.00000000000000000000 ,	 0.00000000000000000000 ,	 -0.00000000000000000000,	 0.00000000000000000000 ,	 0.00000000000000000000 ,	 0.00000000000000000000 ,	 0.00000000000000000000 ,	 0.00000000000000000000 ,	 0.00000000000000000000 
0.00000000000000000000 ,	 3.70500000000000007105,	 208959.10501768757239915431 ,	 4.52389342116930226467 ,	 4.52389342116930226467 ,	 0.00000000000000000000 ,	 0.00000000000000000000 ,	 -0.00000000000000000000,	 0.00000000000000000000 ,	 0.00000000000000000000 ,	 0.00000000000000000000 ,	 0.00000000000000000000 ,	 0.00000000000000000000 ,	 0.00000000000000000000 
