#t [s],	 x [cm],	 K [g/cm^2/s^2],	 A0 [cm^2],	 A [cm^2],	 Q [cm^3/s],	 P [g/cm/s^2],	 gamma [s^-1],	 H [cm^{-3}],	 f,	 taust [g/cm/s^2],	 tau [g/cm/s^2],	 C [cm^{-3}],	 O [cm^{-3}] 
 0.00000000000000000000 ,	 0.23387096774193547044,	 722162.66694112797267735004 ,	 0.78539816339744827900 ,	 0.78539816339744827900 ,	 0.00000000000000000000 ,	 0.00000000000000000000 ,	 -0.00000000000000000000,	 0.00000000000000000000 ,	 0.00000000000000000000 ,	 0.00000000000000000000 ,	 0.00000000000000000000 ,	 0.00000000000000000000 ,	 0.00000000000000000000 
0.00000000000000000000 ,	 36.25000000000000000000,	 722162.66694112797267735004 ,	 0.78539816339744827900 ,	 0.78539816339744827900 ,	 0.00000000000000000000 ,	 0.00000000000000000000 ,	 -0.00000000000000000000,	 0.00000000000000000000 ,	 0.00000000000000000000 ,	 0.00000000000000000000 ,	 0.00000000000000000000 ,	 0.00000000000000000000 ,	 0.00000000000000000000 
0.00000000000000000000 ,	 72.26612903225806405771,	 722162.66694112797267735004 ,	 0.78539816339744827900 ,	 0.78539816339744827900 ,	 0.00000000000000000000 ,	 0.00000000000000000000 ,	 -0.00000000000000000000,	 0.00000000000000000000 ,	 0.00000000000000000000 ,	 0.00000000000000000000 ,	 0.00000000000000000000 ,	 0.00000000000000000000 ,	 0.00000000000000000000 
