#<Artery>,<Proportion>
0,   0.125000000000000,   0.125000000000000,   0.125000000000000,   0.125000000000000,   0.125000000000000,   0.125000000000000,   0.125000000000000,   0.125000000000000
