#<tS> [s],<tE> [s],<t_step> [s],<Nt>,<Nstore>,<NstoreProfile>,<CFL>,<Order>
0.00000000000000000000,0.20000000000000001110,0.00001000000000000000,20000,100,10000,0.20000000000000001110,3
