#<Artery>,<Proportion>
0,   0.200000000000000,   0.200000000000000,   0.200000000000000,   0.200000000000000,   0.200000000000000
